-- ============================================
-- DEMO DATA IMPORT - Menu Items & Modifiers
-- Run in Demo (bezyhnewyzwkgnrvnqli) AFTER schema import
-- ============================================

-- Reset sequences to avoid conflicts
SELECT setval('menu_items_id_seq', 100, false);

-- ============================================
-- INSERT MENU ITEMS
-- ============================================
INSERT INTO menu_items (id, name, price, category, is_ready_made, is_hot_drink, allows_plant_milk_mod, plant_milk_mod_price, allows_shot_mod, allows_milk_on_side, image_url, is_prep_required, allows_extra_hot, allows_water_base, contains_milk, allows_water_ratio_mod, allows_foam_mod, allows_deconstructed, allows_decaf, kds_routing_logic, description, is_in_stock) VALUES
(1, 'סלט יווני', 40, 'סלטים', false, false, false, 0, false, false, 'https://gxzsxvbercpkgxraiaex.supabase.co/storage/v1/object/public/Photos/greek.png', false, false, false, false, false, false, false, false, 'CONDITIONAL', NULL, true),
(2, ' אנטיפסטי', 40, 'סלטים', false, false, false, 0, false, false, 'https://gxzsxvbercpkgxraiaex.supabase.co/storage/v1/object/public/Photos/antipasti.png', false, false, false, false, false, false, false, false, 'CONDITIONAL', NULL, true),
(3, 'סלט חסלק', 40, 'סלטים', false, false, false, 0, false, false, 'https://gxzsxvbercpkgxraiaex.supabase.co/storage/v1/object/public/Photos/beetrootsalad.png', false, false, false, false, false, false, false, false, 'CONDITIONAL', NULL, true),
(4, 'כריך חציל', 36, 'כריכים', false, false, false, 0, false, false, 'https://gxzsxvbercpkgxraiaex.supabase.co/storage/v1/object/public/Photos/eggplant.png', true, false, false, false, false, false, false, false, 'MADE_TO_ORDER', NULL, true),
(5, 'כריך סלק', 36, 'כריכים', false, false, false, 0, false, false, 'https://gxzsxvbercpkgxraiaex.supabase.co/storage/v1/object/public/Photos/beets.png', true, false, false, false, false, false, false, false, 'MADE_TO_ORDER', NULL, true),
(6, 'כריך חביתה', 36, 'כריכים', false, false, false, 0, false, false, 'https://gxzsxvbercpkgxraiaex.supabase.co/storage/v1/object/public/Photos/omlette.png', true, false, false, false, false, false, false, false, 'MADE_TO_ORDER', NULL, true),
(7, 'טוסט פשוט', 32, 'טוסטים', false, false, false, 0, false, false, 'https://gxzsxvbercpkgxraiaex.supabase.co/storage/v1/object/public/Photos/toastnew.jpg', true, false, false, false, false, false, false, false, 'MADE_TO_ORDER', NULL, true),
(8, 'טוסט פסטו', 34, 'טוסטים', false, false, false, 0, false, false, 'https://gxzsxvbercpkgxraiaex.supabase.co/storage/v1/object/public/Photos/toastnew.jpg', true, false, false, false, false, false, false, false, 'MADE_TO_ORDER', NULL, true),
(9, 'טוסט אלפרדו', 34, 'טוסטים', false, false, false, 0, false, false, 'https://gxzsxvbercpkgxraiaex.supabase.co/storage/v1/object/public/menu-images/1765014979587_8n0e8.jpg', true, false, false, false, false, false, false, false, 'MADE_TO_ORDER', NULL, true),
(10, 'אספרסו קצר', 9, 'שתיה חמה', false, true, false, 0, true, false, 'https://gxzsxvbercpkgxraiaex.supabase.co/storage/v1/object/public/Photos/espresso.JPG', true, false, false, false, false, false, false, false, 'GRAB_AND_GO', NULL, true),
(11, 'אספרסו כפול', 11, 'שתיה חמה', false, true, false, 0, true, false, 'https://gxzsxvbercpkgxraiaex.supabase.co/storage/v1/object/public/Photos/espresso.JPG', true, false, false, false, false, false, false, false, 'GRAB_AND_GO', NULL, true),
(12, 'הפוך קטן', 14, 'שתיה חמה', false, true, true, 2, false, false, 'https://gxzsxvbercpkgxraiaex.supabase.co/storage/v1/object/public/Photos/capuchino.JPG', true, true, false, false, true, true, true, true, 'GRAB_AND_GO', NULL, true),
(13, 'הפוך גדול', 16, 'שתיה חמה', false, true, false, 0, false, false, 'https://gxzsxvbercpkgxraiaex.supabase.co/storage/v1/object/public/Photos/capuchino.JPG', true, false, false, false, false, false, false, false, 'GRAB_AND_GO', NULL, true),
(14, 'אמריקנו', 14, 'שתיה חמה', false, true, true, 0, false, true, 'https://gxzsxvbercpkgxraiaex.supabase.co/storage/v1/object/public/Photos/americano.JPG', true, false, false, false, false, false, false, false, 'GRAB_AND_GO', NULL, true),
(15, 'שוקו קטן', 12, 'שתיה חמה', false, true, true, 2, false, false, 'https://gxzsxvbercpkgxraiaex.supabase.co/storage/v1/object/public/Photos/choco.png', true, false, false, false, false, false, false, false, 'GRAB_AND_GO', NULL, true),
(16, 'שוקו גדול', 14, 'שתיה חמה', false, true, true, 2, false, false, 'https://gxzsxvbercpkgxraiaex.supabase.co/storage/v1/object/public/Photos/choco.png', true, false, false, false, false, false, false, false, 'GRAB_AND_GO', NULL, true),
(17, 'שוקו פרלינים', 18, 'שתיה חמה', false, true, true, 2, false, false, 'https://gxzsxvbercpkgxraiaex.supabase.co/storage/v1/object/public/Photos/chocoperaline.png', true, false, false, false, false, false, false, false, 'GRAB_AND_GO', NULL, true),
(18, 'מוקה', 22, 'שתיה חמה', false, true, true, 2, false, false, 'https://gxzsxvbercpkgxraiaex.supabase.co/storage/v1/object/public/Photos/mocka.JPG', true, false, false, false, false, false, false, false, 'GRAB_AND_GO', NULL, true),
(19, 'נס על חלב', 12, 'שתיה חמה', false, true, true, 2, false, false, 'https://gxzsxvbercpkgxraiaex.supabase.co/storage/v1/object/public/Photos/ness.png', true, false, false, false, false, false, false, false, 'GRAB_AND_GO', NULL, true),
(20, 'קפה שחור', 8, 'שתיה חמה', false, true, false, 0, false, true, 'https://gxzsxvbercpkgxraiaex.supabase.co/storage/v1/object/public/Photos/black.png', true, false, false, false, false, false, false, false, 'GRAB_AND_GO', NULL, true),
(21, 'תה', 12, 'שתיה חמה', true, true, false, 0, false, true, 'https://gxzsxvbercpkgxraiaex.supabase.co/storage/v1/object/public/Photos/tea.png', true, false, false, false, false, false, false, false, 'GRAB_AND_GO', NULL, true),
(22, 'קפה קר', 18, 'שתיה קרה', false, true, true, 2, false, false, 'https://gxzsxvbercpkgxraiaex.supabase.co/storage/v1/object/public/Photos/coldcoffee.png', true, false, false, false, false, false, false, false, 'GRAB_AND_GO', NULL, true),
(23, 'שוקו קר', 15, 'שתיה קרה', false, true, true, 2, false, false, 'https://gxzsxvbercpkgxraiaex.supabase.co/storage/v1/object/public/Photos/coldcocoa.png', true, false, false, false, false, false, false, false, 'GRAB_AND_GO', NULL, true),
(24, 'אמריקנו קר', 15, 'שתיה קרה', false, false, true, 0, false, true, 'https://gxzsxvbercpkgxraiaex.supabase.co/storage/v1/object/public/Photos/coldamericano.png', true, false, false, false, false, false, false, false, 'GRAB_AND_GO', NULL, true),
(25, 'פחית', 9, 'שתיה קרה', true, false, false, 0, false, false, 'https://gxzsxvbercpkgxraiaex.supabase.co/storage/v1/object/public/Photos/coke.png', false, false, false, false, false, false, false, false, 'GRAB_AND_GO', NULL, true),
(26, 'בקבוק', 11, 'שתיה קרה', true, false, false, 0, false, false, 'https://gxzsxvbercpkgxraiaex.supabase.co/storage/v1/object/public/Photos/bottle.png', false, false, false, false, false, false, false, false, 'GRAB_AND_GO', NULL, true),
(27, 'טרופית', 3, 'שתיה קרה', true, false, false, 0, false, false, 'https://gxzsxvbercpkgxraiaex.supabase.co/storage/v1/object/public/Photos/tropit.png', false, false, false, false, false, false, false, false, 'GRAB_AND_GO', NULL, true),
(28, 'שייק צהוב', 35, 'שתיה קרה', false, false, true, 2, false, false, 'https://gxzsxvbercpkgxraiaex.supabase.co/storage/v1/object/public/Photos/yellowshake.png', true, false, false, false, false, false, false, false, 'GRAB_AND_GO', NULL, true),
(29, 'מילקשייק', 35, 'שתיה קרה', false, false, true, 2, false, false, 'https://gxzsxvbercpkgxraiaex.supabase.co/storage/v1/object/public/Photos/milkshake.png', true, false, false, false, false, false, false, false, 'GRAB_AND_GO', NULL, true),
(30, 'תוספת חלב צמחי', 2, 'תוספות', true, false, false, 0, false, false, NULL, true, false, false, false, false, false, false, false, 'GRAB_AND_GO', NULL, true),
(31, 'מאפה שוקולד', 18, 'מאפים', true, false, false, 0, false, false, 'https://gxzsxvbercpkgxraiaex.supabase.co/storage/v1/object/public/Photos/chocolate%20croisaint.png', true, false, false, false, false, false, false, false, 'GRAB_AND_GO', NULL, true),
(32, 'מאפה קינמון', 18, 'מאפים', true, false, false, 0, false, false, 'https://gxzsxvbercpkgxraiaex.supabase.co/storage/v1/object/public/Photos/cinnamon.jpeg', true, false, false, false, false, false, false, false, 'GRAB_AND_GO', NULL, true),
(34, ' גבינה מתוקה', 18, 'מאפים', true, true, false, 0, false, false, 'https://gxzsxvbercpkgxraiaex.supabase.co/storage/v1/object/public/Photos/cheese.jpeg', true, false, false, false, false, false, false, false, 'GRAB_AND_GO', NULL, true),
(35, ' גבינה מלוחה', 18, 'מאפים', true, false, false, 0, false, false, 'https://gxzsxvbercpkgxraiaex.supabase.co/storage/v1/object/public/Photos/cheese.jpeg', true, false, false, false, false, false, false, false, 'GRAB_AND_GO', NULL, true),
(37, 'קראפין פטיסייר', 22, 'מאפים', true, false, false, 0, false, false, 'https://gxzsxvbercpkgxraiaex.supabase.co/storage/v1/object/public/Photos/karafin.jpeg', true, false, false, false, false, false, false, false, 'GRAB_AND_GO', NULL, true),
(38, 'מאפה פיסטוק', 22, 'מאפים', true, false, false, 0, false, false, 'https://gxzsxvbercpkgxraiaex.supabase.co/storage/v1/object/public/Photos/pistachio.jpeg', true, false, false, false, false, false, false, false, 'GRAB_AND_GO', NULL, true),
(39, 'מאפה שקדים', 22, 'מאפים', true, false, false, 0, false, false, 'https://gxzsxvbercpkgxraiaex.supabase.co/storage/v1/object/public/Photos/almond.jpeg', true, false, false, false, false, false, false, false, 'GRAB_AND_GO', NULL, true),
(40, 'פאי לימון', 36, 'קינוחים', true, false, false, 0, false, false, 'https://gxzsxvbercpkgxraiaex.supabase.co/storage/v1/object/public/Photos/lemonpie.jpg', false, false, false, false, false, false, false, false, 'GRAB_AND_GO', NULL, true),
(41, 'פאי דובאי', 36, 'קינוחים', true, false, false, 0, false, false, 'https://gxzsxvbercpkgxraiaex.supabase.co/storage/v1/object/public/Photos/dubainew.jpg', false, false, false, false, false, false, false, false, 'GRAB_AND_GO', NULL, true),
(42, 'פאי פקאן (טבעוני)', 36, 'קינוחים', true, false, false, 0, false, false, 'https://gxzsxvbercpkgxraiaex.supabase.co/storage/v1/object/public/Photos/pecan.jpeg', false, false, false, false, false, false, false, false, 'GRAB_AND_GO', NULL, true),
(43, 'גבינת לוטוס', 36, 'קינוחים', true, false, false, 0, false, false, 'https://gxzsxvbercpkgxraiaex.supabase.co/storage/v1/object/public/Photos/lotuscheese.jpg', false, false, false, false, false, false, false, false, 'GRAB_AND_GO', NULL, true),
(44, 'טריקולד', 36, 'קינוחים', true, false, false, 0, false, false, 'https://gxzsxvbercpkgxraiaex.supabase.co/storage/v1/object/public/menu-images/1765009050993_ju2sf.jpg', false, false, false, false, false, false, false, false, 'GRAB_AND_GO', NULL, true),
(45, 'בר רושה לבן', 36, 'קינוחים', true, false, false, 0, false, false, 'https://gxzsxvbercpkgxraiaex.supabase.co/storage/v1/object/public/Photos/whiteroche.avif', false, false, false, false, false, false, false, false, 'GRAB_AND_GO', NULL, true),
(46, 'בול פטיסרי', 10, 'קינוחים', true, false, false, 0, false, false, 'https://gxzsxvbercpkgxraiaex.supabase.co/storage/v1/object/public/Photos/miniball.jpg', false, false, false, false, false, false, false, false, 'GRAB_AND_GO', NULL, true),
(47, 'עוגיית בראוניז', 15, 'קינוחים', true, false, false, 0, false, false, 'https://gxzsxvbercpkgxraiaex.supabase.co/storage/v1/object/public/Photos/brownies.jpeg', false, false, false, false, false, false, false, false, 'GRAB_AND_GO', NULL, true),
(48, 'עוגיית שלושת השוקולדים', 15, 'קינוחים', true, false, false, 0, false, false, 'https://gxzsxvbercpkgxraiaex.supabase.co/storage/v1/object/public/Photos/3chocolate.jpeg', false, false, false, false, false, false, false, false, 'GRAB_AND_GO', NULL, true),
(49, 'אלפחורס', 10, 'קינוחים', true, false, false, 0, false, false, 'https://gxzsxvbercpkgxraiaex.supabase.co/storage/v1/object/public/Photos/alphaores.jpeg', false, false, false, false, false, false, false, false, 'GRAB_AND_GO', NULL, true),
(50, 'שייק כתום', 35, 'שתיה קרה', false, false, true, 2, false, false, 'https://gxzsxvbercpkgxraiaex.supabase.co/storage/v1/object/public/Photos/pinkshake.png', true, false, false, false, false, false, false, false, 'GRAB_AND_GO', NULL, true),
(51, 'קרואסלק', 44, 'כריכים', false, false, false, 0, false, false, 'https://gxzsxvbercpkgxraiaex.supabase.co/storage/v1/object/public/Photos/croselek.png', false, false, false, false, false, false, false, false, 'CONDITIONAL', NULL, false),
(52, 'קרואסלמון', 44, 'כריכים', false, false, false, 0, false, false, 'https://gxzsxvbercpkgxraiaex.supabase.co/storage/v1/object/public/Photos/croselek.png', false, false, false, false, false, false, false, false, 'CONDITIONAL', NULL, false),
(53, 'מרגריטה', 55, 'טוסטים', false, false, false, 0, false, false, 'https://gxzsxvbercpkgxraiaex.supabase.co/storage/v1/object/public/Photos/margarita.png', true, false, false, false, false, false, false, false, 'MADE_TO_ORDER', NULL, true),
(54, 'פיצה לבנה', 65, 'טוסטים', false, false, false, 0, false, false, 'https://gxzsxvbercpkgxraiaex.supabase.co/storage/v1/object/public/Photos/white%20pizza.png', true, false, false, false, false, false, false, false, 'MADE_TO_ORDER', NULL, true),
(55, 'פיצה פסטו', 65, 'טוסטים', false, false, false, 0, false, false, 'https://gxzsxvbercpkgxraiaex.supabase.co/storage/v1/object/public/Photos/pizzapesto.png', true, false, false, false, false, false, false, false, 'MADE_TO_ORDER', NULL, true),
(56, 'אייסקפה', 20, 'שתיה קרה', false, true, false, 0, false, false, 'https://gxzsxvbercpkgxraiaex.supabase.co/storage/v1/object/public/Photos/icecaffe.jpg', false, false, false, false, false, false, false, false, 'GRAB_AND_GO', NULL, true),
(57, 'תפוזים', 18, 'שתיה קרה', false, false, false, 0, false, false, 'https://gxzsxvbercpkgxraiaex.supabase.co/storage/v1/object/public/Photos/%20orange%20juice.png', true, false, false, false, false, false, false, false, 'GRAB_AND_GO', NULL, true),
(58, 'לימונדה', 18, 'שתיה קרה', false, false, false, 0, false, false, 'https://gxzsxvbercpkgxraiaex.supabase.co/storage/v1/object/public/Photos/lemonade.png', true, false, false, false, false, false, false, false, 'GRAB_AND_GO', NULL, true),
(60, 'ברד ענבים', 14, 'שתיה קרה', false, false, false, 0, false, false, 'https://gxzsxvbercpkgxraiaex.supabase.co/storage/v1/object/public/Photos/grape%20snow.png', false, false, false, false, false, false, false, false, 'GRAB_AND_GO', NULL, true),
(62, 'לחם וחמאה', 15, 'סלטים', false, false, false, 0, false, false, 'https://gxzsxvbercpkgxraiaex.supabase.co/storage/v1/object/public/Photos/breadbutter.png', true, false, false, false, false, false, false, false, 'MADE_TO_ORDER', NULL, true),
(63, 'מאפה חצילים', 38, 'מאפים', false, false, false, 0, false, false, 'https://gxzsxvbercpkgxraiaex.supabase.co/storage/v1/object/public/Photos/eggplantbaked.png', true, false, false, false, false, false, false, false, 'GRAB_AND_GO', NULL, false),
(64, 'מאפה בטטות', 38, 'מאפים', false, false, false, 0, false, false, 'https://gxzsxvbercpkgxraiaex.supabase.co/storage/v1/object/public/Photos/sweetpotato.png', true, false, false, false, false, false, false, false, 'GRAB_AND_GO', NULL, false);

-- ============================================
-- INSERT OPTION GROUPS
-- ============================================
INSERT INTO optiongroups (id, name, display_order, is_required, is_multiple_select) VALUES
('e43cc638-d856-45e9-bb6b-92ea171868fd', 'אורך משקה', 5, true, false),
('f1d1a003-f2c4-40b1-b953-10da8860f796', 'חלב בצד', 6, false, false),
('e1b65ea0-6261-4c41-b8c6-17b999b89d7f', 'טמפרטורה', 2, false, false),
('c9d1294e-4af2-486a-9cde-07f1aef3aaab', 'קצף', 3, false, false),
('11bf86be-3814-4a98-ac13-602dc3bc8789', 'קפאין', 4, false, false),
('51d445c2-6dc4-4382-9eed-219eebacb460', 'סוג חלב', 1, false, false),
('80aaecac-c071-44e2-aec4-eb7cd5b9c0dc', 'בסיס משקה', 2, false, false),
('e556eeb9-f2cc-453d-89eb-9eaadf41a70a', 'הפרדה', 7, false, false),
('2cba9d03-1e10-44ce-b1df-f2e42d82a664', 'הגשה', 40, false, false),
('a70fa497-16c7-4026-ae47-5f1389c482cd', 'זמני חליטה', 0, true, false),
('084b52b7-1e35-45f0-9427-adfcb1ddf45d', 'חוזק קפה', 0, false, false),
('265e14d4-26ba-4165-a6c5-270edee9eba3', 'תוספת חלב', 5, false, false),
('2f9f4c7b-2919-43d1-a265-c7f2e3dcabe1', 'תוספות', 10, false, true),
('2d1a8dfd-06fc-4b6e-896f-2367103b685e', 'תוספות לטוסט', 1, false, true);

-- ============================================
-- INSERT OPTION VALUES
-- ============================================
INSERT INTO optionvalues (id, group_id, value_name, price_adjustment, display_order, is_default) VALUES
('b33c76cc-a838-49cb-8072-82c755457d12', '11bf86be-3814-4a98-ac13-602dc3bc8789', 'נטול קפאין', 0, 1, false),
('30fa4bda-6987-4fdf-bd7b-fb81e52926df', '11bf86be-3814-4a98-ac13-602dc3bc8789', 'רגיל', 0, 0, true),
('4ce1f600-9268-4588-a2f1-4998d2f3e5ba', '2f9f4c7b-2919-43d1-a265-c7f2e3dcabe1', 'עגבניות', 4, 1, false),
('4aa15f06-0667-4cea-a3ab-f9295bdcd381', '2f9f4c7b-2919-43d1-a265-c7f2e3dcabe1', 'זיתים', 4, 2, false),
('4f5544c5-376e-4474-b448-d1439a1eeafd', '2f9f4c7b-2919-43d1-a265-c7f2e3dcabe1', 'בצל', 4, 3, false),
('07edde15-2a40-4cf9-bdfa-cdb2e0342bd1', '51d445c2-6dc4-4382-9eed-219eebacb460', 'תפוזים', 0, 4, false),
('306b6240-b97e-49be-b31a-650b25de29a5', '51d445c2-6dc4-4382-9eed-219eebacb460', 'חלב רגיל', 0, 1, true),
('e9e264ed-df1f-4222-bd75-7b9bad3d5dba', 'e1b65ea0-6261-4c41-b8c6-17b999b89d7f', 'רותח', 0, 2, false),
('5774bc64-a514-4d40-823f-869726e3aa11', 'e1b65ea0-6261-4c41-b8c6-17b999b89d7f', 'פושר', 0, 3, false),
('a19cd0be-5e18-4698-abea-a6bd4ef0f9dc', 'c9d1294e-4af2-486a-9cde-07f1aef3aaab', 'הרבה קצף', 0, 2, false),
('4085037c-3488-47c8-809c-79cb06140c37', 'c9d1294e-4af2-486a-9cde-07f1aef3aaab', 'מעט קצף', 0, 3, false),
('d7c48635-3712-46fc-93f4-15de9217bcf3', 'c9d1294e-4af2-486a-9cde-07f1aef3aaab', 'בלי קצף', 0, 4, false),
('3dd8196c-fa71-42b4-aa12-5f4cc22a5ed6', '2d1a8dfd-06fc-4b6e-896f-2367103b685e', 'עגבניות', 3, 1, false),
('f5509c69-1e8c-401c-a093-e34fc810a45d', '2d1a8dfd-06fc-4b6e-896f-2367103b685e', 'זיתים', 3, 2, false),
('5db264b2-2bc7-4245-af84-303b446cf440', '2d1a8dfd-06fc-4b6e-896f-2367103b685e', 'בצל', 3, 3, false),
('267c7c22-50c8-4dcc-ab98-85bd3925c0b9', 'f1d1a003-f2c4-40b1-b953-10da8860f796', 'ללא חלב', 0, 1, false),
('b806e00f-09d7-4d00-a4c9-ae4bd4af690a', 'f1d1a003-f2c4-40b1-b953-10da8860f796', 'חלב קר בצד', 0, 2, false),
('954a1a51-b6f5-492a-9b89-74b9d046f891', 'f1d1a003-f2c4-40b1-b953-10da8860f796', 'חלב חם בצד', 0, 3, false),
('f1e24fed-91ad-46c4-8c6d-9747a03ead96', 'f1d1a003-f2c4-40b1-b953-10da8860f796', 'חלב סויה בצד', 0, 4, false),
('16b049d2-4cc3-4a74-b6c9-aa4c2a4260d0', 'f1d1a003-f2c4-40b1-b953-10da8860f796', 'חלב שיבולת בצד', 0, 5, false),
('10555a14-60ee-4841-a7a7-f61bb2304414', '80aaecac-c071-44e2-aec4-eb7cd5b9c0dc', 'על בסיס מים', 0, 2, false),
('cb83ee2b-ea01-462b-a465-c9b42b8afdba', '80aaecac-c071-44e2-aec4-eb7cd5b9c0dc', 'חצי חלב חצי מים', 0, 3, false),
('7a75c937-c7dd-4876-8e0c-86395a727c46', 'e1b65ea0-6261-4c41-b8c6-17b999b89d7f', 'רגיל', 0, 1, true),
('9fec972e-dea9-474b-9363-25b747f3ac3f', 'c9d1294e-4af2-486a-9cde-07f1aef3aaab', 'רגיל', 0, 1, true),
('ef6868c4-49d0-41b0-9932-6c65c5629d52', '80aaecac-c071-44e2-aec4-eb7cd5b9c0dc', 'חלב רגיל', 0, 1, true),
('cacf211d-8941-418f-a207-8a5e3c517a4f', '2cba9d03-1e10-44ce-b1df-f2e42d82a664', 'רגיל', 0, 10, false),
('ab50791a-44dd-479b-80dc-8effd2263c6e', '2cba9d03-1e10-44ce-b1df-f2e42d82a664', 'מפורק ', 0, 20, false),
('fc98da4c-73e4-4017-835c-bca6c37d02f0', '084b52b7-1e35-45f0-9427-adfcb1ddf45d', 'רגיל', 0, 0, false),
('eefd6b65-fe46-4d28-9c7d-b5a81ee20513', '084b52b7-1e35-45f0-9427-adfcb1ddf45d', 'חזק', 0, 0, false),
('d059b12a-b924-4f0a-bb60-f2f3cc4fecb6', '084b52b7-1e35-45f0-9427-adfcb1ddf45d', 'חלש', 0, 0, false),
('1caddf73-2796-4a69-8d2b-244ff24f1b2b', 'a70fa497-16c7-4026-ae47-5f1389c482cd', 'קצר', 0, 0, false),
('e52e5a4b-8778-4c66-8bcf-b75ff65ccec4', 'e43cc638-d856-45e9-bb6b-92ea171868fd', 'קצר', 0, 1, false),
('78efe7b6-3329-443a-96cc-d3160051bc4e', 'e43cc638-d856-45e9-bb6b-92ea171868fd', 'ארוך', 0, 2, false),
('fcad2d12-60bf-4c87-9a87-8ecb13ee19f7', '51d445c2-6dc4-4382-9eed-219eebacb460', 'סויה', 2, 3, false),
('3ee6f42c-6296-4fd8-b827-8e586b6150b7', '51d445c2-6dc4-4382-9eed-219eebacb460', 'שיבולת שועל', 2, 4, false);

-- ============================================
-- INSERT MENU ITEM OPTIONS (links)
-- ============================================
INSERT INTO menuitemoptions (item_id, group_id) VALUES
(10, '265e14d4-26ba-4165-a6c5-270edee9eba3'),
(18, '11bf86be-3814-4a98-ac13-602dc3bc8789'),
(18, '2cba9d03-1e10-44ce-b1df-f2e42d82a664'),
(18, '51d445c2-6dc4-4382-9eed-219eebacb460'),
(18, '80aaecac-c071-44e2-aec4-eb7cd5b9c0dc'),
(18, 'c9d1294e-4af2-486a-9cde-07f1aef3aaab'),
(18, 'e1b65ea0-6261-4c41-b8c6-17b999b89d7f'),
(16, '11bf86be-3814-4a98-ac13-602dc3bc8789'),
(15, '11bf86be-3814-4a98-ac13-602dc3bc8789'),
(21, '11bf86be-3814-4a98-ac13-602dc3bc8789'),
(17, '11bf86be-3814-4a98-ac13-602dc3bc8789'),
(53, '2f9f4c7b-2919-43d1-a265-c7f2e3dcabe1'),
(50, '51d445c2-6dc4-4382-9eed-219eebacb460'),
(28, '51d445c2-6dc4-4382-9eed-219eebacb460'),
(13, '084b52b7-1e35-45f0-9427-adfcb1ddf45d'),
(12, '084b52b7-1e35-45f0-9427-adfcb1ddf45d'),
(18, '084b52b7-1e35-45f0-9427-adfcb1ddf45d'),
(55, '2f9f4c7b-2919-43d1-a265-c7f2e3dcabe1'),
(7, '2d1a8dfd-06fc-4b6e-896f-2367103b685e'),
(8, '2d1a8dfd-06fc-4b6e-896f-2367103b685e'),
(63, 'e43cc638-d856-45e9-bb6b-92ea171868fd'),
(63, '80aaecac-c071-44e2-aec4-eb7cd5b9c0dc'),
(63, '2cba9d03-1e10-44ce-b1df-f2e42d82a664'),
(63, 'e556eeb9-f2cc-453d-89eb-9eaadf41a70a'),
(63, 'a70fa497-16c7-4026-ae47-5f1389c482cd'),
(63, '084b52b7-1e35-45f0-9427-adfcb1ddf45d'),
(63, '51d445c2-6dc4-4382-9eed-219eebacb460'),
(11, '265e14d4-26ba-4165-a6c5-270edee9eba3'),
(11, 'e43cc638-d856-45e9-bb6b-92ea171868fd'),
(11, '11bf86be-3814-4a98-ac13-602dc3bc8789'),
(9, '2d1a8dfd-06fc-4b6e-896f-2367103b685e'),
(54, '2f9f4c7b-2919-43d1-a265-c7f2e3dcabe1'),
(13, '51d445c2-6dc4-4382-9eed-219eebacb460'),
(13, '80aaecac-c071-44e2-aec4-eb7cd5b9c0dc'),
(13, 'e1b65ea0-6261-4c41-b8c6-17b999b89d7f'),
(13, 'c9d1294e-4af2-486a-9cde-07f1aef3aaab'),
(13, '11bf86be-3814-4a98-ac13-602dc3bc8789'),
(12, '51d445c2-6dc4-4382-9eed-219eebacb460'),
(12, '80aaecac-c071-44e2-aec4-eb7cd5b9c0dc'),
(12, 'e1b65ea0-6261-4c41-b8c6-17b999b89d7f'),
(12, 'c9d1294e-4af2-486a-9cde-07f1aef3aaab'),
(12, '11bf86be-3814-4a98-ac13-602dc3bc8789'),
(15, '51d445c2-6dc4-4382-9eed-219eebacb460'),
(16, '51d445c2-6dc4-4382-9eed-219eebacb460'),
(17, '51d445c2-6dc4-4382-9eed-219eebacb460'),
(19, '51d445c2-6dc4-4382-9eed-219eebacb460'),
(19, '80aaecac-c071-44e2-aec4-eb7cd5b9c0dc'),
(19, 'e1b65ea0-6261-4c41-b8c6-17b999b89d7f'),
(19, 'c9d1294e-4af2-486a-9cde-07f1aef3aaab'),
(19, '11bf86be-3814-4a98-ac13-602dc3bc8789'),
(23, '51d445c2-6dc4-4382-9eed-219eebacb460'),
(23, '80aaecac-c071-44e2-aec4-eb7cd5b9c0dc'),
(23, 'e1b65ea0-6261-4c41-b8c6-17b999b89d7f'),
(23, 'c9d1294e-4af2-486a-9cde-07f1aef3aaab'),
(23, '11bf86be-3814-4a98-ac13-602dc3bc8789'),
(23, 'e556eeb9-f2cc-453d-89eb-9eaadf41a70a'),
(10, 'e43cc638-d856-45e9-bb6b-92ea171868fd'),
(10, '11bf86be-3814-4a98-ac13-602dc3bc8789'),
(14, 'f1d1a003-f2c4-40b1-b953-10da8860f796'),
(14, '11bf86be-3814-4a98-ac13-602dc3bc8789'),
(24, '11bf86be-3814-4a98-ac13-602dc3bc8789'),
(24, 'e556eeb9-f2cc-453d-89eb-9eaadf41a70a'),
(12, '2cba9d03-1e10-44ce-b1df-f2e42d82a664'),
(13, '2cba9d03-1e10-44ce-b1df-f2e42d82a664');

-- ============================================
-- VERIFY DATA
-- ============================================
SELECT 'Menu Items: ' || count(*) FROM menu_items;
SELECT 'Option Groups: ' || count(*) FROM optiongroups;
SELECT 'Option Values: ' || count(*) FROM optionvalues;
SELECT 'Menu Item Options: ' || count(*) FROM menuitemoptions;
